Ng√†nh,T√™n h·ªçc ph·∫ßn,L·ªõp,MSSV,Made,Cau 1,Cau 2,Cau 3,Cau 4,Cau 5,TongDiem
Ng√¥n ng·ªØ Anh,K·ªπ nƒÉng ƒë·ªçc 1,EL24,212,M01,3.5,2.3,3.5,,,9.3
Ng√¥n ng·ªØ Anh,K·ªπ nƒÉng ƒë·ªçc 1,EL24,160,M01,3.5,2.25,3.5,,,9.3
Ng√¥n ng·ªØ Anh,K·ªπ nƒÉng ƒë·ªçc 1,EL24,170,M01,3,2.5,3.75,,,9
Ng√¥n ng·ªØ Anh,K·ªπ nƒÉng ƒë·ªçc 1,EL24,123,M01,3.8,2.3,3,,,9
Ng√¥n ng·ªØ Anh,K·ªπ nƒÉng ƒë·ªçc 1,EL24,154,M01,3.25,2,2.75,,,8
Ng√¥n ng·ªØ Anh,K·ªπ nƒÉng ƒë·ªçc 1,EL24,222,M01,3,2,2.8,,,7.8
Ng√¥n ng·ªØ Anh,K·ªπ nƒÉng ƒë·ªçc 1,EL24,208,M02,3.5,2.5,1.8,,,7.8
Ng√¥n ng·ªØ Anh,K·ªπ nƒÉng ƒë·ªçc 1,EL24,164,M02,3,1.75,2.75,,,7.5
Ng√¥n ng·ªØ Anh,K·ªπ nƒÉng ƒë·ªçc 1,EL24,179,M02,2.5,2,2.5,,,7
Ng√¥n ng·ªØ Anh,K·ªπ nƒÉng ƒë·ªçc 1,EL24,205,M02,3.25,1.75,2,,,7
Ng√¥n ng·ªØ Anh,K·ªπ nƒÉng ƒë·ªçc 1,EL24,138,M02,3,2,1,,,6
Ng√¥n ng·ªØ Anh,K·ªπ nƒÉng ƒë·ªçc 1,EL24,116,M02,2.3,2,1.5,,,5.8
Ng√¥n ng·ªØ Anh,K·ªπ nƒÉng ƒë·ªçc 1,EL24,110,M02,1.3,1.8,2.5,,,5.6
Ng√¥n ng·ªØ Anh,K·ªπ nƒÉng ƒë·ªçc 1,EL24,168,M02,1.75,2,1.75,,,5.5
Ng√¥n ng·ªØ Anh,K·ªπ nƒÉng ƒë·ªçc 1,EL24,156,M01,1.75,1.5,2.25,,,5.5
Ng√¥n ng·ªØ Anh,K·ªπ nƒÉng ƒë·ªçc 1,EL24,127,M01,1.5,2,1.8,,,5.3
Ng√¥n ng·ªØ Anh,K·ªπ nƒÉng ƒë·ªçc 1,EL24,143,M01,2.25,1.75,1.25,,,5.25
Ng√¥n ng·ªØ Anh,K·ªπ nƒÉng ƒë·ªçc 1,EL24,144,M01,1.75,1.5,1.75,,,5
Ng√¥n ng·ªØ Anh,K·ªπ nƒÉng ƒë·ªçc 1,EL24,119,M01,1.8,2.3,0.8,,,4.9
Ng√¥n ng·ªØ Anh,K·ªπ nƒÉng ƒë·ªçc 1,EL24,172,M01,1.75,1.25,1.75,,,4.75
Ng√¥n ng·ªØ Anh,K·ªπ nƒÉng ƒë·ªçc 1,EL24,196,M01,1.75,2,1,,,4.75
Ng√¥n ng·ªØ Anh,K·ªπ nƒÉng ƒë·ªçc 1,EL24,147,M01,1,2,1.5,,,4.5
Ng√¥n ng·ªØ Anh,K·ªπ nƒÉng ƒë·ªçc 1,EL24,193,M01,1.5,1.25,1.75,,,4.5
Ng√¥n ng·ªØ Anh,K·ªπ nƒÉng ƒë·ªçc 1,EL24,181,M02,1,2,1,,,4
Ng√¥n ng·ªØ Anh,K·ªπ nƒÉng ƒë·ªçc 1,EL24,204,M02,1.5,1,1.3,,,3.8
Ng√¥n ng·ªØ Anh,K·ªπ nƒÉng ƒë·ªçc 1,EL24,117,M02,1.3,1.3,1,,,3.6
Ng√¥n ng·ªØ Anh,K·ªπ nƒÉng ƒë·ªçc 1,EL24,187,M02,0.75,1.25,1.5,,,3.5
Ng√¥n ng·ªØ Anh,K·ªπ nƒÉng ƒë·ªçc 1,EL24,182,M02,1.5,1.25,0.75,,,3.5
Ng√¥n ng·ªØ Anh,K·ªπ nƒÉng ƒë·ªçc 1,EL24,175,M02,0.75,1.25,1.25,,,3.25
Ng√¥n ng·ªØ Anh,K·ªπ nƒÉng ƒë·ªçc 1,EL24,219,M02,3,1.8,0.7,,,5.5
Ng√¥n ng·ªØ Anh,K·ªπ nƒÉng ƒë·ªçc 1,EL24,207,M02,1.25,0.75,0.5,,,2.5
Ng√¥n ng·ªØ Anh,K·ªπ nƒÉng ƒë·ªçc 1,EL24,354,M02,1.4,0.6,0,,,2
CNKT ƒëi·ªÅu khi·ªÉn v√† t·ª± ƒë·ªông ho√°,Truy·ªÅn ƒë·ªông ƒëi·ªán  (3tc),CA21A1A,325,106,1,2,3,4,,10
CNKT ƒëi·ªÅu khi·ªÉn v√† t·ª± ƒë·ªông ho√°,Truy·ªÅn ƒë·ªông ƒëi·ªán  (3tc),CA21A1A,342,106,1,2,3,4,,10
CNKT ƒëi·ªÅu khi·ªÉn v√† t·ª± ƒë·ªông ho√°,Truy·ªÅn ƒë·ªông ƒëi·ªán  (3tc),CA21A1A,347,106,1,2,3,4,,10
CNKT ƒëi·ªÅu khi·ªÉn v√† t·ª± ƒë·ªông ho√°,Truy·ªÅn ƒë·ªông ƒëi·ªán  (3tc),CA21A1A,330,106,0,2,3,4,,9
CNKT ƒëi·ªÅu khi·ªÉn v√† t·ª± ƒë·ªông ho√°,Truy·ªÅn ƒë·ªông ƒëi·ªán  (3tc),CA21A1A,334,106,1,2,2,4,,9
CNKT ƒëi·ªÅu khi·ªÉn v√† t·ª± ƒë·ªông ho√°,Truy·ªÅn ƒë·ªông ƒëi·ªán  (3tc),CA21A1A,345,106,1,2,2,4,,9
CNKT ƒëi·ªÅu khi·ªÉn v√† t·ª± ƒë·ªông ho√°,Truy·ªÅn ƒë·ªông ƒëi·ªán  (3tc),CA21A1A,346,106,1,2,2,4,,9
CNKT ƒëi·ªÅu khi·ªÉn v√† t·ª± ƒë·ªông ho√°,Truy·ªÅn ƒë·ªông ƒëi·ªán  (3tc),CA21A1A,332,108,1,2,3,2,,8
CNKT ƒëi·ªÅu khi·ªÉn v√† t·ª± ƒë·ªông ho√°,Truy·ªÅn ƒë·ªông ƒëi·ªán  (3tc),CA21A1A,333,108,1,2,3,2,,8
CNKT ƒëi·ªÅu khi·ªÉn v√† t·ª± ƒë·ªông ho√°,Truy·ªÅn ƒë·ªông ƒëi·ªán  (3tc),CA21A1A,337,108,0,1,3,4,,8
CNKT ƒëi·ªÅu khi·ªÉn v√† t·ª± ƒë·ªông ho√°,Truy·ªÅn ƒë·ªông ƒëi·ªán  (3tc),CA21A1A,344,108,1,2,3,2,,8
CNKT ƒëi·ªÅu khi·ªÉn v√† t·ª± ƒë·ªông ho√°,Truy·ªÅn ƒë·ªông ƒëi·ªán  (3tc),CA21A1A,348,108,0,2,2,4,,8
CNKT ƒëi·ªÅu khi·ªÉn v√† t·ª± ƒë·ªông ho√°,Truy·ªÅn ƒë·ªông ƒëi·ªán  (3tc),CA21A1A,324,108,1,1,2,3,,7
CNKT ƒëi·ªÅu khi·ªÉn v√† t·ª± ƒë·ªông ho√°,Truy·ªÅn ƒë·ªông ƒëi·ªán  (3tc),CA21A1A,340,108,1,2,2,1,,6
CNKT ƒëi·ªÅu khi·ªÉn v√† t·ª± ƒë·ªông ho√°,Truy·ªÅn ƒë·ªông ƒëi·ªán  (3tc),CA21A1A,341,108,1,2,2,1,,6
CNKT ƒëi·ªÅu khi·ªÉn v√† t·ª± ƒë·ªông ho√°,Truy·ªÅn ƒë·ªông ƒëi·ªán  (3tc),CA21A1A,335,108,0,2,3,1,,6
CNKT ƒëi·ªÅu khi·ªÉn v√† t·ª± ƒë·ªông ho√°,Truy·ªÅn ƒë·ªông ƒëi·ªán  (3tc),CA21A1A,336,108,0,2,3,1,,6
CNKT ƒëi·ªÅu khi·ªÉn v√† t·ª± ƒë·ªông ho√°,Truy·ªÅn ƒë·ªông ƒëi·ªán  (3tc),CA21A1A,338,106,1,2,3,0,,6
CNKT ƒëi·ªÅu khi·ªÉn v√† t·ª± ƒë·ªông ho√°,Truy·ªÅn ƒë·ªông ƒëi·ªán  (3tc),CA21A1A,343,106,1,2,2,1,,6
CNKT ƒëi·ªÅu khi·ªÉn v√† t·ª± ƒë·ªông ho√°,Truy·ªÅn ƒë·ªông ƒëi·ªán  (3tc),CA21A1A,326,106,0,2,3,0,,5
CNKT ƒëi·ªÅu khi·ªÉn v√† t·ª± ƒë·ªông ho√°,Truy·ªÅn ƒë·ªông ƒëi·ªán  (3tc),CA21A1A,327,106,0,2,3,0,,5
CNKT ƒëi·ªÅu khi·ªÉn v√† t·ª± ƒë·ªông ho√°,Truy·ªÅn ƒë·ªông ƒëi·ªán  (3tc),CA21A1A,349,108,0,2,3,0,,5
CNKT ƒëi·ªÅu khi·ªÉn v√† t·ª± ƒë·ªông ho√°,Truy·ªÅn ƒë·ªông ƒëi·ªán  (3tc),CA21A1A,328,108,0.5,2,2,0,,4.5
CNKT ƒëi·ªÅu khi·ªÉn v√† t·ª± ƒë·ªông ho√°,Truy·ªÅn ƒë·ªông ƒëi·ªán  (3tc),CA21A1A,329,108,0,0,1,3,,4
CNKT ƒëi·ªÅu khi·ªÉn v√† t·ª± ƒë·ªông ho√°,Truy·ªÅn ƒë·ªông ƒëi·ªán  (3tc),CA21A1A,331,108,0,2,2,0,,4
CNKT ƒëi·ªÅu khi·ªÉn v√† t·ª± ƒë·ªông ho√°,Truy·ªÅn ƒë·ªông ƒëi·ªán  (3tc),CA21A1A,339,108,0,0.5,2,0,,2.5
Qu·∫£n tr·ªã kh√°ch s·∫°n,T·ªïng quan du l·ªãch (2tc),AH24A,355,D_01,3,0,,,,3
Qu·∫£n tr·ªã kh√°ch s·∫°n,T·ªïng quan du l·ªãch (2tc),AH24A,356,D_01,0,2,,,,2
Qu·∫£n tr·ªã kh√°ch s·∫°n,T·ªïng quan du l·ªãch (2tc),AH24A,357,D_01,2.25,1,,,,3.25
Qu·∫£n tr·ªã kh√°ch s·∫°n,T·ªïng quan du l·ªãch (2tc),AH24A,358,D_01,2.5,2,,,,4.5
Qu·∫£n tr·ªã kh√°ch s·∫°n,T·ªïng quan du l·ªãch (2tc),AH24A,359,D_01,2.75,1,,,,3.75
Qu·∫£n tr·ªã kh√°ch s·∫°n,T·ªïng quan du l·ªãch (2tc),AH24A,360,D_01,2.75,3.5,,,,6.25
Qu·∫£n tr·ªã kh√°ch s·∫°n,T·ªïng quan du l·ªãch (2tc),AH24A,361,D_01,0,1,,,,1
Qu·∫£n tr·ªã kh√°ch s·∫°n,T·ªïng quan du l·ªãch (2tc),AH24A,362,D_01,3.25,3,,,,6.25
Qu·∫£n tr·ªã kh√°ch s·∫°n,T·ªïng quan du l·ªãch (2tc),AH24A,363,D_01,2.75,1.5,,,,4.25
Qu·∫£n tr·ªã kh√°ch s·∫°n,T·ªïng quan du l·ªãch (2tc),AH24A,364,D_01,2.25,4.25,,,,6.5
Qu·∫£n tr·ªã kh√°ch s·∫°n,T·ªïng quan du l·ªãch (2tc),AH24A,365,D_01,3,3,,,,6
Qu·∫£n tr·ªã kh√°ch s·∫°n,T·ªïng quan du l·ªãch (2tc),AH24A,366,D_01,2,3,,,,5
Qu·∫£n tr·ªã kh√°ch s·∫°n,T·ªïng quan du l·ªãch (2tc),AH24A,367,D_02,4,5,,,,9
Qu·∫£n tr·ªã kh√°ch s·∫°n,T·ªïng quan du l·ªãch (2tc),AH24A,368,D_02,2.5,1.5,,,,4
Qu·∫£n tr·ªã kh√°ch s·∫°n,T·ªïng quan du l·ªãch (2tc),AH24A,369,D_02,1.5,3,,,,4.5
Qu·∫£n tr·ªã kh√°ch s·∫°n,T·ªïng quan du l·ªãch (2tc),AH24A,370,D_02,1,2,,,,3
Qu·∫£n tr·ªã kh√°ch s·∫°n,T·ªïng quan du l·ªãch (2tc),AH24A,371,D_02,2.5,3,,,,5.5
Qu·∫£n tr·ªã kh√°ch s·∫°n,T·ªïng quan du l·ªãch (2tc),AH24A,372,D_02,0.5,0.5,,,,1
Qu·∫£n tr·ªã kh√°ch s·∫°n,T·ªïng quan du l·ªãch (2tc),AH24A,373,D_02,0,3.5,,,,3.5
Qu·∫£n tr·ªã kh√°ch s·∫°n,T·ªïng quan du l·ªãch (2tc),AH24A,374,D_02,3.5,0.5,,,,4
Qu·∫£n tr·ªã kh√°ch s·∫°n,T·ªïng quan du l·ªãch (2tc),AH24A,375,D_02,1.5,2.5,,,,4
Qu·∫£n tr·ªã kh√°ch s·∫°n,T·ªïng quan du l·ªãch (2tc),AH24A,376,D_02,2.5,3.5,,,,6
Qu·∫£n tr·ªã kh√°ch s·∫°n,T·ªïng quan du l·ªãch (2tc),AH24A,377,D_02,2,1,,,,3
Qu·∫£n tr·ªã kh√°ch s·∫°n,T·ªïng quan du l·ªãch (2tc),AH24A,378,D_02,3.5,4,,,,7.5
Qu·∫£n tr·ªã kh√°ch s·∫°n,T·ªïng quan du l·ªãch (2tc),AH24A,379,D_02,1,0,,,,1
Qu·∫£n tr·ªã kh√°ch s·∫°n,T·ªïng quan du l·ªãch (2tc),AH24A,380,D_01,3.5,5,,,,8.5
Qu·∫£n tr·ªã kh√°ch s·∫°n,T·ªïng quan du l·ªãch (2tc),AH24A,381,D_01,3,5,,,,8
Qu·∫£n tr·ªã kh√°ch s·∫°n,T·ªïng quan du l·ªãch (2tc),AH24A,382,D_01,1.75,3,,,,4.75
Qu·∫£n tr·ªã kh√°ch s·∫°n,T·ªïng quan du l·ªãch (2tc),AH24A,383,D_01,0.5,2,,,,2.5
Qu·∫£n tr·ªã kh√°ch s·∫°n,T·ªïng quan du l·ªãch (2tc),AH24A,384,D_01,3,5.5,,,,8.5
Qu·∫£n tr·ªã kh√°ch s·∫°n,T·ªïng quan du l·ªãch (2tc),AH24A,385,D_01,3.5,4.5,,,,8
Qu·∫£n tr·ªã kh√°ch s·∫°n,T·ªïng quan du l·ªãch (2tc),AH24A,386,D_01,3.5,5,,,,8.5
Qu·∫£n tr·ªã kh√°ch s·∫°n,T·ªïng quan du l·ªãch (2tc),AH24A,387,D_01,3.25,3,,,,6.25
Qu·∫£n tr·ªã kh√°ch s·∫°n,T·ªïng quan du l·ªãch (2tc),AH24A,388,D_01,1,3,,,,4
Qu·∫£n tr·ªã kh√°ch s·∫°n,T·ªïng quan du l·ªãch (2tc),AH24A,294,D_02,4,4,,,,8
Qu·∫£n tr·ªã kh√°ch s·∫°n,T·ªïng quan du l·ªãch (2tc),AH24A,295,D_02,4,2.5,,,,6.5
Qu·∫£n tr·ªã kh√°ch s·∫°n,T·ªïng quan du l·ªãch (2tc),AH24A,296,D_02,1,2.25,,,,3.25
Qu·∫£n tr·ªã kh√°ch s·∫°n,T·ªïng quan du l·ªãch (2tc),AH24A,297,D_02,2.5,4,,,,6.5
Qu·∫£n tr·ªã kh√°ch s·∫°n,T·ªïng quan du l·ªãch (2tc),AH24A,298,D_02,2.75,1.5,,,,4.25
Qu·∫£n tr·ªã kh√°ch s·∫°n,T·ªïng quan du l·ªãch (2tc),AH24A,299,D_02,4,3.5,,,,7.5
Qu·∫£n tr·ªã kh√°ch s·∫°n,T·ªïng quan du l·ªãch (2tc),AH24A,300,D_02,2,3,,,,5
Qu·∫£n tr·ªã kh√°ch s·∫°n,T·ªïng quan du l·ªãch (2tc),AH24A,301,D_02,3,3,,,,6
Qu·∫£n tr·ªã kh√°ch s·∫°n,T·ªïng quan du l·ªãch (2tc),AH24A,302,D_01,0.5,2,,,,2.5
Qu·∫£n tr·ªã kh√°ch s·∫°n,T·ªïng quan du l·ªãch (2tc),AH24A,303,D_01,1,2.75,,,,3.75
Qu·∫£n tr·ªã kh√°ch s·∫°n,T·ªïng quan du l·ªãch (2tc),AH24A,304,D_01,4,3.75,,,,7.75
Qu·∫£n tr·ªã kh√°ch s·∫°n,T·ªïng quan du l·ªãch (2tc),AH24A,305,D_01,3,2,,,,5
Qu·∫£n tr·ªã kh√°ch s·∫°n,T·ªïng quan du l·ªãch (2tc),AH24A,306,D_01,4,5.5,,,,9.5
Qu·∫£n tr·ªã kh√°ch s·∫°n,T·ªïng quan du l·ªãch (2tc),AH24A,307,D_01,2.75,3.25,,,,6
Qu·∫£n tr·ªã kh√°ch s·∫°n,T·ªïng quan du l·ªãch (2tc),AH24A,308,D_01,2,1.75,,,,3.75
Qu·∫£n tr·ªã kh√°ch s·∫°n,T·ªïng quan du l·ªãch (2tc),AH24A,309,D_01,3,3.5,,,,6.5
Qu·∫£n tr·ªã kh√°ch s·∫°n,T·ªïng quan du l·ªãch (2tc),AH24A,310,D_01,4,2.75,,,,6.75
Qu·∫£n tr·ªã kh√°ch s·∫°n,T·ªïng quan du l·ªãch (2tc),AH24A,311,D_01,4,5.5,,,,9.5
Qu·∫£n tr·ªã kh√°ch s·∫°n,T·ªïng quan du l·ªãch (2tc),AH24A,312,D_01,4,4.5,,,,8.5
Qu·∫£n tr·ªã kh√°ch s·∫°n,T·ªïng quan du l·ªãch (2tc),AH24A,313,D_01,2,1,,,,3
Qu·∫£n tr·ªã kh√°ch s·∫°n,T·ªïng quan du l·ªãch (2tc),AH24A,314,D_01,2,3.5,,,,5.5
Qu·∫£n tr·ªã kh√°ch s·∫°n,T·ªïng quan du l·ªãch (2tc),AH24A,315,D_01,1.25,3,,,,4.25
Qu·∫£n tr·ªã kh√°ch s·∫°n,T·ªïng quan du l·ªãch (2tc),AH24A,316,D_01,1,1,,,,2
Qu·∫£n tr·ªã kh√°ch s·∫°n,T·ªïng quan du l·ªãch (2tc),AH24A,317,D_01,3.5,5,,,,8.5
Qu·∫£n tr·ªã kh√°ch s·∫°n,T·ªïng quan du l·ªãch (2tc),AH24A,318,D_02,3,2.75,,,,5.75
Qu·∫£n tr·ªã kh√°ch s·∫°n,T·ªïng quan du l·ªãch (2tc),AH24A,319,D_02,2.5,3,,,,5.5
Qu·∫£n tr·ªã kh√°ch s·∫°n,T·ªïng quan du l·ªãch (2tc),AH24A,320,D_02,3,4,,,,7
Qu·∫£n tr·ªã kh√°ch s·∫°n,T·ªïng quan du l·ªãch (2tc),AH24A,321,D_02,1.5,1,,,,2.5
Qu·∫£n tr·ªã kh√°ch s·∫°n,T·ªïng quan du l·ªãch (2tc),AH24A,322,D_02,4,4.5,,,,8.5
Qu·∫£n tr·ªã kh√°ch s·∫°n,T·ªïng quan du l·ªãch (2tc),AH24A,323,D_02,1,1.5,,,,2.5
Qu·∫£n tr·ªã kh√°ch s·∫°n,T·ªïng quan du l·ªãch (2tc),AH24A,324,D_02,2,0.75,,,,2.75
Qu·∫£n tr·ªã kh√°ch s·∫°n,T·ªïng quan du l·ªãch (2tc),AH24A,325,D_02,1.5,0,,,,1.5
Qu·∫£n tr·ªã kh√°ch s·∫°n,T·ªïng quan du l·ªãch (2tc),AH24A,326,D_02,3,3.5,,,,6.5
Qu·∫£n tr·ªã kh√°ch s·∫°n,T·ªïng quan du l·ªãch (2tc),AH24A,327,D_02,3,2.5,,,,5.5
Qu·∫£n tr·ªã kh√°ch s·∫°n,T·ªïng quan du l·ªãch (2tc),AH24A,328,D_02,4,5.5,,,,9.5
Qu·∫£n tr·ªã kh√°ch s·∫°n,T·ªïng quan du l·ªãch (2tc),AH24A,329,D_02,3,2.5,,,,5.5
Qu·∫£n tr·ªã kh√°ch s·∫°n,T·ªïng quan du l·ªãch (2tc),AH24A,330,D_02,3.5,3.25,,,,6.75
Qu·∫£n tr·ªã kh√°ch s·∫°n,T·ªïng quan du l·ªãch (2tc),AH24A,331,D_02,2,3,,,,5
Qu·∫£n tr·ªã kh√°ch s·∫°n,T·ªïng quan du l·ªãch (2tc),AH24A,332,D_01,1,1.5,,,,2.5
Qu·∫£n tr·ªã kh√°ch s·∫°n,T·ªïng quan du l·ªãch (2tc),AH24A,333,D_01,1.5,3.5,,,,5
Qu·∫£n tr·ªã kh√°ch s·∫°n,T·ªïng quan du l·ªãch (2tc),AH24A,334,D_01,3.5,3,,,,6.5
Qu·∫£n tr·ªã kh√°ch s·∫°n,T·ªïng quan du l·ªãch (2tc),AH24A,335,D_02,0.5,1.5,,,,2
Qu·∫£n tr·ªã kh√°ch s·∫°n,T·ªïng quan du l·ªãch (2tc),AH24A,336,D_02,2,3.5,,,,5.5
Qu·∫£n tr·ªã kh√°ch s·∫°n,T·ªïng quan du l·ªãch (2tc),AH24A,337,D_02,4,4.5,,,,8.5
CÙng ngh? thÙng tin,L?p trÏnh di ??ng 1 - 3tc - ST22 - T? Qu?c ›,ST22,239,23,1.5,3,2,,,6.5
CÙng ngh? thÙng tin,L?p trÏnh di ??ng 1 - 3tc - ST22 - T? Qu?c ›,ST22,240,20,2,2,0,,,4
CÙng ngh? thÙng tin,L?p trÏnh di ??ng 1 - 3tc - ST22 - T? Qu?c ›,ST22,241,21,3,2,0,,,5
CÙng ngh? thÙng tin,L?p trÏnh di ??ng 1 - 3tc - ST22 - T? Qu?c ›,ST22,242,23,1.5,3,2,,,6.5
CÙng ngh? thÙng tin,L?p trÏnh di ??ng 1 - 3tc - ST22 - T? Qu?c ›,ST22,243,24,0,3,0,,,3
CÙng ngh? thÙng tin,L?p trÏnh di ??ng 1 - 3tc - ST22 - T? Qu?c ›,ST22,244,22,2,1,0,,,3
CÙng ngh? thÙng tin,L?p trÏnh di ??ng 1 - 3tc - ST22 - T? Qu?c ›,ST22,245,23,1.5,3,0,,,4.5
CÙng ngh? thÙng tin,L?p trÏnh di ??ng 1 - 3tc - ST22 - T? Qu?c ›,ST22,246,23,3,1,0,,,4
CÙng ngh? thÙng tin,L?p trÏnh di ??ng 1 - 3tc - ST22 - T? Qu?c ›,ST22,247,21,2,2,3,,,7
CÙng ngh? thÙng tin,L?p trÏnh di ??ng 1 - 3tc - ST22 - T? Qu?c ›,ST22,248,21,0,0,0,,,0
CÙng ngh? thÙng tin,L?p trÏnh di ??ng 1 - 3tc - ST22 - T? Qu?c ›,ST22,249,23,1.5,3,0,,,4.5
CÙng ngh? thÙng tin,L?p trÏnh di ??ng 1 - 3tc - ST22 - T? Qu?c ›,ST22,250,24,0,1,4,,,5
CÙng ngh? thÙng tin,L?p trÏnh di ??ng 1 - 3tc - ST22 - T? Qu?c ›,ST22,251,23,1.5,2,2,,,5.5
CÙng ngh? thÙng tin,L?p trÏnh di ??ng 1 - 3tc - ST22 - T? Qu?c ›,ST22,252,24,0,0,0,,,0
CÙng ngh? thÙng tin,L?p trÏnh di ??ng 1 - 3tc - ST22 - T? Qu?c ›,ST22,253,22,3,0,0,,,3
CÙng ngh? thÙng tin,L?p trÏnh di ??ng 1 - 3tc - ST22 - T? Qu?c ›,ST22,254,21,0,0,0,,,0
CÙng ngh? thÙng tin,L?p trÏnh di ??ng 1 - 3tc - ST22 - T? Qu?c ›,ST22,255,22,2,0,0,,,2
CÙng ngh? thÙng tin,L?p trÏnh di ??ng 1 - 3tc - ST22 - T? Qu?c ›,ST22,256,22,2,0,0,,,2
CÙng ngh? thÙng tin,L?p trÏnh di ??ng 1 - 3tc - ST22 - T? Qu?c ›,ST22,257,24,3,3,0,,,6
CÙng ngh? thÙng tin,L?p trÏnh di ??ng 1 - 3tc - ST22 - T? Qu?c ›,ST22,258,24,0,0,0,,,0
CÙng ngh? thÙng tin,L?p trÏnh di ??ng 1 - 3tc - ST22 - T? Qu?c ›,ST22,259,24,0,0,0,,,0
CÙng ngh? thÙng tin,L?p trÏnh di ??ng 1 - 3tc - ST22 - T? Qu?c ›,ST22,260,22,1,0,0,,,1
CÙng ngh? thÙng tin,L?p trÏnh di ??ng 1 - 3tc - ST22 - T? Qu?c ›,ST22,261,24,0,3,2,,,5
CÙng ngh? thÙng tin,L?p trÏnh di ??ng 1 - 3tc - ST22 - T? Qu?c ›,ST22,262,21,0,3,0,,,3
CÙng ngh? thÙng tin,L?p trÏnh di ??ng 1 - 3tc - ST22 - T? Qu?c ›,ST22,263,23,2,3,3,,,8
CÙng ngh? thÙng tin,L?p trÏnh di ??ng 1 - 3tc - ST22 - T? Qu?c ›,ST22,264,23,2,2,3,,,7
CÙng ngh? thÙng tin,L?p trÏnh di ??ng 1 - 3tc - ST22 - T? Qu?c ›,ST22,265,24,0,3,0,,,3
CÙng ngh? thÙng tin,L?p trÏnh di ??ng 1 - 3tc - ST22 - T? Qu?c ›,ST22,266,22,2,0,0,,,2
CÙng ngh? thÙng tin,L?p trÏnh di ??ng 1 - 3tc - ST22 - T? Qu?c ›,ST22,267,23,0,1,0,,,1
CÙng ngh? thÙng tin,L?p trÏnh di ??ng 1 - 3tc - ST22 - T? Qu?c ›,ST22,268,21,3,1,0,,,4
CÙng ngh? thÙng tin,L?p trÏnh di ??ng 1 - 3tc - ST22 - T? Qu?c ›,ST22,269,22,3,0,0,,,3
CÙng ngh? thÙng tin,L?p trÏnh di ??ng 1 - 3tc - ST22 - T? Qu?c ›,ST22,270,21,2,0,0,,,2
CÙng ngh? thÙng tin,L?p trÏnh di ??ng 1 - 3tc - ST22 - T? Qu?c ›,ST22,271,22,0,0,0,,,0
CÙng ngh? thÙng tin,L?p trÏnh di ??ng 1 - 3tc - ST22 - T? Qu?c ›,ST22,203,24,2,2,3,,,7
CÙng ngh? thÙng tin,L?p trÏnh di ??ng 1 - 3tc - ST22 - T? Qu?c ›,ST22,204,23,2,3,2,,,7
CÙng ngh? thÙng tin,L?p trÏnh di ??ng 1 - 3tc - ST22 - T? Qu?c ›,ST22,205,22,3,2,0,,,5
CÙng ngh? thÙng tin,L?p trÏnh di ??ng 1 - 3tc - ST22 - T? Qu?c ›,ST22,206,22,3,2,0,,,5
CÙng ngh? thÙng tin,L?p trÏnh di ??ng 1 - 3tc - ST22 - T? Qu?c ›,ST22,207,23,0,0,0,,,0
CÙng ngh? thÙng tin,L?p trÏnh di ??ng 1 - 3tc - ST22 - T? Qu?c ›,ST22,208,22,2,0,0,,,2
CÙng ngh? thÙng tin,L?p trÏnh di ??ng 1 - 3tc - ST22 - T? Qu?c ›,ST22,209,22,2,2,3,,,7
CÙng ngh? thÙng tin,L?p trÏnh di ??ng 1 - 3tc - ST22 - T? Qu?c ›,ST22,210,21,2,2,0,,,4
CÙng ngh? thÙng tin,L?p trÏnh di ??ng 1 - 3tc - ST22 - T? Qu?c ›,ST22,211,23,0,1,0,,,1
CÙng ngh? thÙng tin,L?p trÏnh di ??ng 1 - 3tc - ST22 - T? Qu?c ›,ST22,212,23,2,0,0,,,2
CÙng ngh? thÙng tin,L?p trÏnh di ??ng 1 - 3tc - ST22 - T? Qu?c ›,ST22,213,23,3,2,2,,,7
CÙng ngh? thÙng tin,L?p trÏnh di ??ng 1 - 3tc - ST22 - T? Qu?c ›,ST22,214,24,0,0,0,,,0
CÙng ngh? thÙng tin,L?p trÏnh di ??ng 1 - 3tc - ST22 - T? Qu?c ›,ST22,215,21,3,2,3,,,8
CÙng ngh? thÙng tin,L?p trÏnh di ??ng 1 - 3tc - ST22 - T? Qu?c ›,ST22,216,22,2,2,0,,,4
CÙng ngh? thÙng tin,L?p trÏnh di ??ng 1 - 3tc - ST22 - T? Qu?c ›,ST22,217,24,3,2,0,,,5
CÙng ngh? thÙng tin,L?p trÏnh di ??ng 1 - 3tc - ST22 - T? Qu?c ›,ST22,218,24,3,3,0,,,6
CÙng ngh? thÙng tin,L?p trÏnh di ??ng 1 - 3tc - ST22 - T? Qu?c ›,ST22,219,21,1,2,2,,,5
CÙng ngh? thÙng tin,L?p trÏnh di ??ng 1 - 3tc - ST22 - T? Qu?c ›,ST22,220,22,2,2,2,,,6
CÙng ngh? thÙng tin,L?p trÏnh di ??ng 1 - 3tc - ST22 - T? Qu?c ›,ST22,221,24,3,2,3,,,8
CÙng ngh? thÙng tin,L?p trÏnh di ??ng 1 - 3tc - ST22 - T? Qu?c ›,ST22,222,24,3,2,3,,,8
CÙng ngh? thÙng tin,L?p trÏnh di ??ng 1 - 3tc - ST22 - T? Qu?c ›,ST22,223,21,3,2,0,,,5
CÙng ngh? thÙng tin,L?p trÏnh di ??ng 1 - 3tc - ST22 - T? Qu?c ›,ST22,224,23,3,2,0,,,5
CÙng ngh? thÙng tin,L?p trÏnh di ??ng 1 - 3tc - ST22 - T? Qu?c ›,ST22,225,21,0,0,0,,,0
CÙng ngh? thÙng tin,L?p trÏnh di ??ng 1 - 3tc - ST22 - T? Qu?c ›,ST22,226,24,1,1,0,,,2
CÙng ngh? thÙng tin,L?p trÏnh di ??ng 1 - 3tc - ST22 - T? Qu?c ›,ST22,227,24,0,3,0,,,3
CÙng ngh? thÙng tin,L?p trÏnh di ??ng 1 - 3tc - ST22 - T? Qu?c ›,ST22,228,22,2,0,0,,,2
CÙng ngh? thÙng tin,L?p trÏnh di ??ng 1 - 3tc - ST22 - T? Qu?c ›,ST22,229,23,2,2,3,,,7
CÙng ngh? thÙng tin,L?p trÏnh di ??ng 1 - 3tc - ST22 - T? Qu?c ›,ST22,230,21,2,2,2,,,6
CÙng ngh? thÙng tin,L?p trÏnh di ??ng 1 - 3tc - ST22 - T? Qu?c ›,ST22,231,22,0,0,0,,,0
CÙng ngh? thÙng tin,L?p trÏnh di ??ng 1 - 3tc - ST22 - T? Qu?c ›,ST22,232,24,3,2,0,,,5
CÙng ngh? thÙng tin,L?p trÏnh di ??ng 1 - 3tc - ST22 - T? Qu?c ›,ST22,233,24,1,2,4,,,7
CÙng ngh? thÙng tin,L?p trÏnh di ??ng 1 - 3tc - ST22 - T? Qu?c ›,ST22,234,24,0,2,0,,,2
CÙng ngh? thÙng tin,L?p trÏnh di ??ng 1 - 3tc - ST22 - T? Qu?c ›,ST22,235,24,3,2,0,,,5
CÙng ngh? thÙng tin,L?p trÏnh di ??ng 1 - 3tc - ST22 - T? Qu?c ›,ST22,169,24,1,1,0,,,2
CÙng ngh? thÙng tin,L?p trÏnh di ??ng 1 - 3tc - ST22 - T? Qu?c ›,ST22,170,24,0,1,0.5,,,1.5
CÙng ngh? thÙng tin,L?p trÏnh di ??ng 1 - 3tc - ST22 - T? Qu?c ›,ST22,171,24,1,3,0.5,,,4.5
CÙng ngh? thÙng tin,L?p trÏnh di ??ng 1 - 3tc - ST22 - T? Qu?c ›,ST22,172,21,3,2,4,,,9
CÙng ngh? thÙng tin,L?p trÏnh di ??ng 1 - 3tc - ST22 - T? Qu?c ›,ST22,173,23,1,1,0.5,,,2.5
CÙng ngh? thÙng tin,L?p trÏnh di ??ng 1 - 3tc - ST22 - T? Qu?c ›,ST22,174,22,1.5,1.5,0,,,3
CÙng ngh? thÙng tin,L?p trÏnh di ??ng 1 - 3tc - ST22 - T? Qu?c ›,ST22,175,23,0.5,0.5,0,,,1
CÙng ngh? thÙng tin,L?p trÏnh di ??ng 1 - 3tc - ST22 - T? Qu?c ›,ST22,176,23,1.5,2.5,3.5,,,7.5
CÙng ngh? thÙng tin,L?p trÏnh di ??ng 1 - 3tc - ST22 - T? Qu?c ›,ST22,177,23,1.5,2,0,,,3.5
CÙng ngh? thÙng tin,L?p trÏnh di ??ng 1 - 3tc - ST22 - T? Qu?c ›,ST22,178,24,1,3,4,,,8
CÙng ngh? thÙng tin,L?p trÏnh di ??ng 1 - 3tc - ST22 - T? Qu?c ›,ST22,179,21,1,0,,,,1
CÙng ngh? thÙng tin,L?p trÏnh di ??ng 1 - 3tc - ST22 - T? Qu?c ›,ST22,180,23,1.5,2.5,0,,,4
CÙng ngh? thÙng tin,L?p trÏnh di ??ng 1 - 3tc - ST22 - T? Qu?c ›,ST22,181,21,0.5,0.5,0.5,,,1.5
CÙng ngh? thÙng tin,L?p trÏnh di ??ng 1 - 3tc - ST22 - T? Qu?c ›,ST22,182,21,0.5,0.5,0,,,1
CÙng ngh? thÙng tin,L?p trÏnh di ??ng 1 - 3tc - ST22 - T? Qu?c ›,ST22,183,22,1.5,0.5,3,,,5
CÙng ngh? thÙng tin,L?p trÏnh di ??ng 1 - 3tc - ST22 - T? Qu?c ›,ST22,184,22,0.5,1,3,,,4.5
CÙng ngh? thÙng tin,L?p trÏnh di ??ng 1 - 3tc - ST22 - T? Qu?c ›,ST22,185,23,0.5,0.5,,,,1
CÙng ngh? thÙng tin,L?p trÏnh di ??ng 1 - 3tc - ST22 - T? Qu?c ›,ST22,186,22,2.5,0,1.5,,,4
CÙng ngh? thÙng tin,L?p trÏnh di ??ng 1 - 3tc - ST22 - T? Qu?c ›,ST22,187,23,0.5,1,,,,1.5
CÙng ngh? thÙng tin,L?p trÏnh di ??ng 1 - 3tc - ST22 - T? Qu?c ›,ST22,188,22,2,0.5,4.5,,,9
CÙng ngh? thÙng tin,L?p trÏnh di ??ng 1 - 3tc - ST22 - T? Qu?c ›,ST22,189,24,1,0.5,,,,1.5
CÙng ngh? thÙng tin,L?p trÏnh di ??ng 1 - 3tc - ST22 - T? Qu?c ›,ST22,190,22,3,2,2,,,7
CÙng ngh? thÙng tin,L?p trÏnh di ??ng 1 - 3tc - ST22 - T? Qu?c ›,ST22,191,21,3,1.5,2.5,,,7
CÙng ngh? thÙng tin,L?p trÏnh di ??ng 1 - 3tc - ST22 - T? Qu?c ›,ST22,192,24,2,2.5,3.5,,,8
CÙng ngh? thÙng tin,L?p trÏnh di ??ng 1 - 3tc - ST22 - T? Qu?c ›,ST22,193,24,2.5,0.5,,,,3
CÙng ngh? thÙng tin,L?p trÏnh di ??ng 1 - 3tc - ST22 - T? Qu?c ›,ST22,194,24,2,1,0.5,,,3.5
CÙng ngh? thÙng tin,L?p trÏnh di ??ng 1 - 3tc - ST22 - T? Qu?c ›,ST22,195,24,1,1.5,,,,2.5
CÙng ngh? thÙng tin,L?p trÏnh di ??ng 1 - 3tc - ST22 - T? Qu?c ›,ST22,196,24,2,3,2,,,7
CÙng ngh? thÙng tin,L?p trÏnh di ??ng 1 - 3tc - ST22 - T? Qu?c ›,ST22,197,23,0.5,0.5,,,,1
CÙng ngh? thÙng tin,L?p trÏnh di ??ng 1 - 3tc - ST22 - T? Qu?c ›,ST22,198,22,1.5,0.5,,,,2
CÙng ngh? thÙng tin,L?p trÏnh di ??ng 1 - 3tc - ST22 - T? Qu?c ›,ST22,199,21,3,2,3.5,,,8.5
CÙng ngh? thÙng tin,L?p trÏnh di ??ng 1 - 3tc - ST22 - T? Qu?c ›,ST22,200,24,1.5,3,4,,,8.5
CÙng ngh? thÙng tin,L?p trÏnh di ??ng 1 - 3tc - ST22 - T? Qu?c ›,ST22,277,24,2,2,1,,,5
CÙng ngh? thÙng tin,L?p trÏnh di ??ng 1 - 3tc - ST22 - T? Qu?c ›,ST22,278,23,1.5,2,4,,,7.5
CÙng ngh? thÙng tin,L?p trÏnh di ??ng 1 - 3tc - ST22 - T? Qu?c ›,ST22,279,23,4,1.5,1,,,6.5
CÙng ngh? thÙng tin,L?p trÏnh di ??ng 1 - 3tc - ST22 - T? Qu?c ›,ST22,280,22,0,0,0.5,,,0.5
CÙng ngh? thÙng tin,L?p trÏnh di ??ng 1 - 3tc - ST22 - T? Qu?c ›,ST22,281,21,3,1,2.5,,,6.5
CÙng ngh? thÙng tin,L?p trÏnh di ??ng 1 - 3tc - ST22 - T? Qu?c ›,ST22,282,21,2.5,1.5,1.5,,,5.5
CÙng ngh? thÙng tin,L?p trÏnh di ??ng 1 - 3tc - ST22 - T? Qu?c ›,ST22,283,21,4,1.5,2.5,,,8
CÙng ngh? thÙng tin,L?p trÏnh di ??ng 1 - 3tc - ST22 - T? Qu?c ›,ST22,284,24,1.5,3,2.5,,,7
CÙng ngh? thÙng tin,L?p trÏnh di ??ng 1 - 3tc - ST22 - T? Qu?c ›,ST22,285,22,0.5,4,0.5,,,5
CÙng ngh? thÙng tin,L?p trÏnh di ??ng 1 - 3tc - ST22 - T? Qu?c ›,ST22,286,23,1.5,4.5,3,,,9
CÙng ngh? thÙng tin,L?p trÏnh di ??ng 1 - 3tc - ST22 - T? Qu?c ›,ST22,287,21,0,0.5,0.5,,,1
CÙng ngh? thÙng tin,L?p trÏnh di ??ng 1 - 3tc - ST22 - T? Qu?c ›,ST22,288,23,1,2.5,0,,,3.5
CÙng ngh? thÙng tin,L?p trÏnh di ??ng 1 - 3tc - ST22 - T? Qu?c ›,ST22,289,22,3,4.5,1,,,8.5
CÙng ngh? thÙng tin,L?p trÏnh di ??ng 1 - 3tc - ST22 - T? Qu?c ›,ST22,290,22,3,0,1,,,4
CÙng ngh? thÙng tin,L?p trÏnh di ??ng 1 - 3tc - ST22 - T? Qu?c ›,ST22,291,24,3,1.5,0,,,4.5
CÙng ngh? thÙng tin,L?p trÏnh di ??ng 1 - 3tc - ST22 - T? Qu?c ›,ST22,292,24,1.5,2.5,3,,,7
CÙng ngh? thÙng tin,L?p trÏnh di ??ng 1 - 3tc - ST22 - T? Qu?c ›,ST22,293,24,1,0,0.5,,,1.5
CÙng ngh? thÙng tin,L?p trÏnh di ??ng 1 - 3tc - ST22 - T? Qu?c ›,ST22,294,23,0,1,0.5,,,1.5
CÙng ngh? thÙng tin,L?p trÏnh di ??ng 1 - 3tc - ST22 - T? Qu?c ›,ST22,295,22,2.5,1.5,3.5,,,7.5
CÙng ngh? thÙng tin,L?p trÏnh di ??ng 1 - 3tc - ST22 - T? Qu?c ›,ST22,296,21,0.5,0.5,,,,1
CÙng ngh? thÙng tin,L?p trÏnh di ??ng 1 - 3tc - ST22 - T? Qu?c ›,ST22,297,21,3,1.5,0.5,,,5
CÙng ngh? thÙng tin,L?p trÏnh di ??ng 1 - 3tc - ST22 - T? Qu?c ›,ST22,298,23,1,1.5,1.5,,,4
CÙng ngh? thÙng tin,L?p trÏnh di ??ng 1 - 3tc - ST22 - T? Qu?c ›,ST22,299,21,0,0.5,,,,0.5
CÙng ngh? thÙng tin,L?p trÏnh di ??ng 1 - 3tc - ST22 - T? Qu?c ›,ST22,300,24,2,3,3.5,,,8.5
CÙng ngh? thÙng tin,L?p trÏnh di ??ng 1 - 3tc - ST22 - T? Qu?c ›,ST22,301,22,0,0.5,0,,,0.5
CÙng ngh? thÙng tin,L?p trÏnh di ??ng 1 - 3tc - ST22 - T? Qu?c ›,ST22,302,24,0.5,1,,,,1.5
CÙng ngh? thÙng tin,L?p trÏnh di ??ng 1 - 3tc - ST22 - T? Qu?c ›,ST22,303,23,1.5,,,,,1.5
CÙng ngh? thÙng tin,L?p trÏnh di ??ng 1 - 3tc - ST22 - T? Qu?c ›,ST22,304,22,2.5,1.5,3,,,7
CÙng ngh? thÙng tin,L?p trÏnh di ??ng 1 - 3tc - ST22 - T? Qu?c ›,ST22,305,23,1.5,2,1.5,,,5
CÙng ngh? thÙng tin,L?p trÏnh di ??ng 1 - 3tc - ST22 - T? Qu?c ›,ST22,306,24,1,3,,,,4
CÙng ngh? thÙng tin,L?p trÏnh di ??ng 1 - 3tc - ST22 - T? Qu?c ›,ST22,307,21,3,2,4,,,9
CÙng ngh? thÙng tin,L?p trÏnh di ??ng 1 - 3tc - ST22 - T? Qu?c ›,ST22,308,22,3,2,2,,,7
CÙng ngh? thÙng tin,L?p trÏnh di ??ng 1 - 3tc - ST22 - T? Qu?c ›,ST22,309,21,3,1,1.5,,,5.5
CÙng ngh? thÙng tin,TrÌ tu? nh‚n t?o - 3tc - Tr??ng Ng?c Ch‚u,ST22,399,8,4,4.5,,,,8.5
CÙng ngh? thÙng tin,TrÌ tu? nh‚n t?o - 3tc - Tr??ng Ng?c Ch‚u,ST22,400,6,4,1,,,,5
CÙng ngh? thÙng tin,TrÌ tu? nh‚n t?o - 3tc - Tr??ng Ng?c Ch‚u,ST22,401,6,4,5,,,,9
CÙng ngh? thÙng tin,TrÌ tu? nh‚n t?o - 3tc - Tr??ng Ng?c Ch‚u,ST22,402,8,4.5,5,,,,9.5
CÙng ngh? thÙng tin,TrÌ tu? nh‚n t?o - 3tc - Tr??ng Ng?c Ch‚u,ST22,403,6,0,0.5,,,,0.5
CÙng ngh? thÙng tin,TrÌ tu? nh‚n t?o - 3tc - Tr??ng Ng?c Ch‚u,ST22,404,7,1,2.5,,,,3.5
CÙng ngh? thÙng tin,TrÌ tu? nh‚n t?o - 3tc - Tr??ng Ng?c Ch‚u,ST22,405,6,2.5,1.5,,,,4
CÙng ngh? thÙng tin,TrÌ tu? nh‚n t?o - 3tc - Tr??ng Ng?c Ch‚u,ST22,406,7,0,5,,,,5
CÙng ngh? thÙng tin,TrÌ tu? nh‚n t?o - 3tc - Tr??ng Ng?c Ch‚u,ST22,407,6,1,4,,,,5
CÙng ngh? thÙng tin,TrÌ tu? nh‚n t?o - 3tc - Tr??ng Ng?c Ch‚u,ST22,408,8,4.5,4,,,,8.5
CÙng ngh? thÙng tin,TrÌ tu? nh‚n t?o - 3tc - Tr??ng Ng?c Ch‚u,ST22,409,5,4,4,,,,8
CÙng ngh? thÙng tin,TrÌ tu? nh‚n t?o - 3tc - Tr??ng Ng?c Ch‚u,ST22,410,7,2,5,,,,7
CÙng ngh? thÙng tin,TrÌ tu? nh‚n t?o - 3tc - Tr??ng Ng?c Ch‚u,ST22,411,8,4.5,5,,,,9.5
CÙng ngh? thÙng tin,TrÌ tu? nh‚n t?o - 3tc - Tr??ng Ng?c Ch‚u,ST22,412,6,4,5,,,,9
CÙng ngh? thÙng tin,TrÌ tu? nh‚n t?o - 3tc - Tr??ng Ng?c Ch‚u,ST22,413,8,4.5,4,,,,8.5
CÙng ngh? thÙng tin,TrÌ tu? nh‚n t?o - 3tc - Tr??ng Ng?c Ch‚u,ST22,414,7,0.5,0.5,,,,1
CÙng ngh? thÙng tin,TrÌ tu? nh‚n t?o - 3tc - Tr??ng Ng?c Ch‚u,ST22,415,8,4.5,4.5,,,,9
CÙng ngh? thÙng tin,TrÌ tu? nh‚n t?o - 3tc - Tr??ng Ng?c Ch‚u,ST22,416,6,0,1,,,,1
CÙng ngh? thÙng tin,TrÌ tu? nh‚n t?o - 3tc - Tr??ng Ng?c Ch‚u,ST22,417,8,0.5,5,,,,5.5
CÙng ngh? thÙng tin,TrÌ tu? nh‚n t?o - 3tc - Tr??ng Ng?c Ch‚u,ST22,418,5,2,4,,,,6
CÙng ngh? thÙng tin,TrÌ tu? nh‚n t?o - 3tc - Tr??ng Ng?c Ch‚u,ST22,419,5,4,4.5,,,,8.5
CÙng ngh? thÙng tin,TrÌ tu? nh‚n t?o - 3tc - Tr??ng Ng?c Ch‚u,ST22,420,5,1,1,,,,2
CÙng ngh? thÙng tin,TrÌ tu? nh‚n t?o - 3tc - Tr??ng Ng?c Ch‚u,ST22,421,8,4.5,4,,,,8.5
CÙng ngh? thÙng tin,TrÌ tu? nh‚n t?o - 3tc - Tr??ng Ng?c Ch‚u,ST22,422,7,0.5,0.5,,,,1
CÙng ngh? thÙng tin,TrÌ tu? nh‚n t?o - 3tc - Tr??ng Ng?c Ch‚u,ST22,423,7,4.5,5,,,,9.5
CÙng ngh? thÙng tin,TrÌ tu? nh‚n t?o - 3tc - Tr??ng Ng?c Ch‚u,ST22,424,8,0.5,0.5,,,,1
CÙng ngh? thÙng tin,TrÌ tu? nh‚n t?o - 3tc - Tr??ng Ng?c Ch‚u,ST22,425,5,3.5,4,,,,7.5
CÙng ngh? thÙng tin,TrÌ tu? nh‚n t?o - 3tc - Tr??ng Ng?c Ch‚u,ST22,426,5,4,3,,,,7
CÙng ngh? thÙng tin,TrÌ tu? nh‚n t?o - 3tc - Tr??ng Ng?c Ch‚u,ST22,427,5,2,1,,,,3
CÙng ngh? thÙng tin,TrÌ tu? nh‚n t?o - 3tc - Tr??ng Ng?c Ch‚u,ST22,428,7,0.5,0.5,,,,1
CÙng ngh? thÙng tin,TrÌ tu? nh‚n t?o - 3tc - Tr??ng Ng?c Ch‚u,ST22,429,7,0,5,,,,5
CÙng ngh? thÙng tin,TrÌ tu? nh‚n t?o - 3tc - Tr??ng Ng?c Ch‚u,ST22,430,5,4,1,,,,5
CÙng ngh? thÙng tin,TrÌ tu? nh‚n t?o - 3tc - Tr??ng Ng?c Ch‚u,ST22,431,7,4.5,4.5,,,,9
CÙng ngh? thÙng tin,TrÌ tu? nh‚n t?o - 3tc - Tr??ng Ng?c Ch‚u,ST22,432,7,4.5,4,,,,8.5
CÙng ngh? thÙng tin,TrÌ tu? nh‚n t?o - 3tc - Tr??ng Ng?c Ch‚u,ST22,433,8,4.5,4.5,,,,9
CÙng ngh? thÙng tin,TrÌ tu? nh‚n t?o - 3tc - Tr??ng Ng?c Ch‚u,ST22,434,8,4.5,4.5,,,,9
CÙng ngh? thÙng tin,TrÌ tu? nh‚n t?o - 3tc - Tr??ng Ng?c Ch‚u,ST22,435,7,4.5,5,,,,9.5
CÙng ngh? thÙng tin,TrÌ tu? nh‚n t?o - 3tc - Tr??ng Ng?c Ch‚u,ST22,436,8,3.5,5,,,,8.5
CÙng ngh? thÙng tin,TrÌ tu? nh‚n t?o - 3tc - Tr??ng Ng?c Ch‚u,ST22,437,5,4,3,,,,7
CÙng ngh? thÙng tin,TrÌ tu? nh‚n t?o - 3tc - Tr??ng Ng?c Ch‚u,ST22,438,6,4,4,,,,8
CÙng ngh? thÙng tin,TrÌ tu? nh‚n t?o - 3tc - Tr??ng Ng?c Ch‚u,ST22,439,6,3.5,2,,,,5.5
CÙng ngh? thÙng tin,TrÌ tu? nh‚n t?o - 3tc - Tr??ng Ng?c Ch‚u,ST22,440,7,4.5,4.5,,,,9
CÙng ngh? thÙng tin,TrÌ tu? nh‚n t?o - 3tc - Tr??ng Ng?c Ch‚u,ST22,441,6,4.5,4.5,,,,9
CÙng ngh? thÙng tin,TrÌ tu? nh‚n t?o - 3tc - Tr??ng Ng?c Ch‚u,ST22,442,8,3,4,,,,7
CÙng ngh? thÙng tin,TrÌ tu? nh‚n t?o - 3tc - Tr??ng Ng?c Ch‚u,ST22,443,8,4,4.5,,,,8.5
CÙng ngh? thÙng tin,TrÌ tu? nh‚n t?o - 3tc - Tr??ng Ng?c Ch‚u,ST22,444,6,4.5,4.5,,,,9
CÙng ngh? thÙng tin,TrÌ tu? nh‚n t?o - 3tc - Tr??ng Ng?c Ch‚u,ST22,445,6,4.5,4.5,,,,9
CÙng ngh? thÙng tin,TrÌ tu? nh‚n t?o - 3tc - Tr??ng Ng?c Ch‚u,ST22,446,6,4.5,4.5,,,,9
CÙng ngh? thÙng tin,TrÌ tu? nh‚n t?o - 3tc - Tr??ng Ng?c Ch‚u,ST22,447,5,4.5,4.5,,,,9
CÙng ngh? thÙng tin,TrÌ tu? nh‚n t?o - 3tc - Tr??ng Ng?c Ch‚u,ST22,448,7,4.5,4.5,,,,9
CÙng ngh? thÙng tin,TrÌ tu? nh‚n t?o - 3tc - Tr??ng Ng?c Ch‚u,ST22,449,8,3.5,1.5,,,,5
CÙng ngh? thÙng tin,TrÌ tu? nh‚n t?o - 3tc - Tr??ng Ng?c Ch‚u,ST22,450,7,4.5,4.5,,,,9
CÙng ngh? thÙng tin,TrÌ tu? nh‚n t?o - 3tc - Tr??ng Ng?c Ch‚u,ST22,451,5,4,4,,,,8
CÙng ngh? thÙng tin,TrÌ tu? nh‚n t?o - 3tc - Tr??ng Ng?c Ch‚u,ST22,452,8,4.5,4.5,,,,9
CÙng ngh? thÙng tin,TrÌ tu? nh‚n t?o - 3tc - Tr??ng Ng?c Ch‚u,ST22,453,5,4.5,4.5,,,,9
CÙng ngh? thÙng tin,TrÌ tu? nh‚n t?o - 3tc - Tr??ng Ng?c Ch‚u,ST22,454,8,3.5,2,,,,5.5
CÙng ngh? thÙng tin,TrÌ tu? nh‚n t?o - 3tc - Tr??ng Ng?c Ch‚u,ST22,455,7,4.5,4.5,,,,9
CÙng ngh? thÙng tin,TrÌ tu? nh‚n t?o - 3tc - Tr??ng Ng?c Ch‚u,ST22,456,6,4.5,4.5,,,,9
CÙng ngh? thÙng tin,TrÌ tu? nh‚n t?o - 3tc - Tr??ng Ng?c Ch‚u,ST22,457,8,4.5,4.5,,,,9
CÙng ngh? thÙng tin,TrÌ tu? nh‚n t?o - 3tc - Tr??ng Ng?c Ch‚u,ST22,458,8,4.5,4.5,,,,9
CÙng ngh? thÙng tin,TrÌ tu? nh‚n t?o - 3tc - Tr??ng Ng?c Ch‚u,ST22,459,7,2.5,4,,,,6.5
CÙng ngh? thÙng tin,TrÌ tu? nh‚n t?o - 3tc - Tr??ng Ng?c Ch‚u,ST22,460,7,4.5,4,,,,8.5
CÙng ngh? thÙng tin,TrÌ tu? nh‚n t?o - 3tc - Tr??ng Ng?c Ch‚u,ST22,461,5,5,0,,,,5
CÙng ngh? thÙng tin,TrÌ tu? nh‚n t?o - 3tc - Tr??ng Ng?c Ch‚u,ST22,462,5,2,2,,,,4
CÙng ngh? thÙng tin,TrÌ tu? nh‚n t?o - 3tc - Tr??ng Ng?c Ch‚u,ST22,463,8,4.5,4.5,,,,9
CÙng ngh? thÙng tin,TrÌ tu? nh‚n t?o - 3tc - Tr??ng Ng?c Ch‚u,ST22,464,5,4.5,4.5,,,,9
CÙng ngh? thÙng tin,TrÌ tu? nh‚n t?o - 3tc - Tr??ng Ng?c Ch‚u,ST22,465,5,4.5,5,,,,9.5
CÙng ngh? thÙng tin,TrÌ tu? nh‚n t?o - 3tc - Tr??ng Ng?c Ch‚u,ST22,466,7,4.5,4.5,,,,9
CÙng ngh? thÙng tin,TrÌ tu? nh‚n t?o - 3tc - Tr??ng Ng?c Ch‚u,ST22,364,5,4.5,5,,,,9.5
CÙng ngh? thÙng tin,TrÌ tu? nh‚n t?o - 3tc - Tr??ng Ng?c Ch‚u,ST22,365,6,4,5,,,,9
CÙng ngh? thÙng tin,TrÌ tu? nh‚n t?o - 3tc - Tr??ng Ng?c Ch‚u,ST22,366,6,4,4.5,,,,8.5
CÙng ngh? thÙng tin,TrÌ tu? nh‚n t?o - 3tc - Tr??ng Ng?c Ch‚u,ST22,367,8,4,4,,,,8
CÙng ngh? thÙng tin,TrÌ tu? nh‚n t?o - 3tc - Tr??ng Ng?c Ch‚u,ST22,368,6,3,4,,,,7
CÙng ngh? thÙng tin,TrÌ tu? nh‚n t?o - 3tc - Tr??ng Ng?c Ch‚u,ST22,369,8,3,4,,,,7
CÙng ngh? thÙng tin,TrÌ tu? nh‚n t?o - 3tc - Tr??ng Ng?c Ch‚u,ST22,370,5,4,3,,,,7
CÙng ngh? thÙng tin,TrÌ tu? nh‚n t?o - 3tc - Tr??ng Ng?c Ch‚u,ST22,371,5,4,2.5,,,,6.5
CÙng ngh? thÙng tin,TrÌ tu? nh‚n t?o - 3tc - Tr??ng Ng?c Ch‚u,ST22,372,7,3,4,,,,7
CÙng ngh? thÙng tin,TrÌ tu? nh‚n t?o - 3tc - Tr??ng Ng?c Ch‚u,ST22,373,5,0,2.5,,,,2.5
CÙng ngh? thÙng tin,TrÌ tu? nh‚n t?o - 3tc - Tr??ng Ng?c Ch‚u,ST22,374,7,0.5,1.5,,,,2
CÙng ngh? thÙng tin,TrÌ tu? nh‚n t?o - 3tc - Tr??ng Ng?c Ch‚u,ST22,375,8,3.5,1,,,,4.5
CÙng ngh? thÙng tin,TrÌ tu? nh‚n t?o - 3tc - Tr??ng Ng?c Ch‚u,ST22,376,5,4,2,,,,6
CÙng ngh? thÙng tin,TrÌ tu? nh‚n t?o - 3tc - Tr??ng Ng?c Ch‚u,ST22,377,6,4,5,,,,9
CÙng ngh? thÙng tin,TrÌ tu? nh‚n t?o - 3tc - Tr??ng Ng?c Ch‚u,ST22,378,5,4,5,,,,9
CÙng ngh? thÙng tin,TrÌ tu? nh‚n t?o - 3tc - Tr??ng Ng?c Ch‚u,ST22,379,8,5,4,,,,9
CÙng ngh? thÙng tin,TrÌ tu? nh‚n t?o - 3tc - Tr??ng Ng?c Ch‚u,ST22,380,6,4,4,,,,8
CÙng ngh? thÙng tin,TrÌ tu? nh‚n t?o - 3tc - Tr??ng Ng?c Ch‚u,ST22,381,6,0.5,0.5,,,,1
CÙng ngh? thÙng tin,TrÌ tu? nh‚n t?o - 3tc - Tr??ng Ng?c Ch‚u,ST22,382,6,4,5,,,,9
CÙng ngh? thÙng tin,TrÌ tu? nh‚n t?o - 3tc - Tr??ng Ng?c Ch‚u,ST22,383,5,4,1,,,,5
CÙng ngh? thÙng tin,TrÌ tu? nh‚n t?o - 3tc - Tr??ng Ng?c Ch‚u,ST22,384,7,4,0.5,,,,4.5
CÙng ngh? thÙng tin,TrÌ tu? nh‚n t?o - 3tc - Tr??ng Ng?c Ch‚u,ST22,385,8,4.5,4.5,,,,9
CÙng ngh? thÙng tin,TrÌ tu? nh‚n t?o - 3tc - Tr??ng Ng?c Ch‚u,ST22,386,7,3,5,,,,8
CÙng ngh? thÙng tin,TrÌ tu? nh‚n t?o - 3tc - Tr??ng Ng?c Ch‚u,ST22,387,8,1.5,0.5,,,,2
CÙng ngh? thÙng tin,TrÌ tu? nh‚n t?o - 3tc - Tr??ng Ng?c Ch‚u,ST22,388,8,4.5,5,,,,9.5
CÙng ngh? thÙng tin,TrÌ tu? nh‚n t?o - 3tc - Tr??ng Ng?c Ch‚u,ST22,389,8,4,5,,,,9
CÙng ngh? thÙng tin,TrÌ tu? nh‚n t?o - 3tc - Tr??ng Ng?c Ch‚u,ST22,390,7,3,5,,,,8
CÙng ngh? thÙng tin,TrÌ tu? nh‚n t?o - 3tc - Tr??ng Ng?c Ch‚u,ST22,391,7,4.5,3,,,,7.5
CÙng ngh? thÙng tin,TrÌ tu? nh‚n t?o - 3tc - Tr??ng Ng?c Ch‚u,ST22,392,5,4.5,0,,,,4.5
CÙng ngh? thÙng tin,TrÌ tu? nh‚n t?o - 3tc - Tr??ng Ng?c Ch‚u,ST22,393,6,4,4,,,,8
CÙng ngh? thÙng tin,TrÌ tu? nh‚n t?o - 3tc - Tr??ng Ng?c Ch‚u,ST22,394,7,2.5,1.5,,,,4
CÙng ngh? thÙng tin,TrÌ tu? nh‚n t?o - 3tc - Tr??ng Ng?c Ch‚u,ST22,395,7,0,4,,,,4
CÙng ngh? thÙng tin,TrÌ tu? nh‚n t?o - 3tc - Tr??ng Ng?c Ch‚u,ST22,396,7,4.5,2.5,,,,7
CÙng ngh? thÙng tin,TrÌ tu? nh‚n t?o - 3tc - Tr??ng Ng?c Ch‚u,ST22,397,5,4.5,3,,,,7.5
CÙng ngh? thÙng tin,TrÌ tu? nh‚n t?o - 3tc - Tr??ng Ng?c Ch‚u,ST22,398,6,4,1,,,,5
CÙng ngh? thÙng tin,TrÌ tu? nh‚n t?o - 3tc - Tr??ng Ng?c Ch‚u,ST22,467,5,4.5,4.5,,,,9
CÙng ngh? thÙng tin,TrÌ tu? nh‚n t?o - 3tc - Tr??ng Ng?c Ch‚u,ST22,468,6,1,1,,,,2
CÙng ngh? thÙng tin,TrÌ tu? nh‚n t?o - 3tc - Tr??ng Ng?c Ch‚u,ST22,469,5,4.5,4.5,,,,9
CÙng ngh? thÙng tin,TrÌ tu? nh‚n t?o - 3tc - Tr??ng Ng?c Ch‚u,ST22,470,7,4.5,4.5,,,,9
CÙng ngh? thÙng tin,TrÌ tu? nh‚n t?o - 3tc - Tr??ng Ng?c Ch‚u,ST22,471,8,4.5,5,,,,9.5
CÙng ngh? thÙng tin,TrÌ tu? nh‚n t?o - 3tc - Tr??ng Ng?c Ch‚u,ST22,472,6,4,4,,,,8
CÙng ngh? thÙng tin,TrÌ tu? nh‚n t?o - 3tc - Tr??ng Ng?c Ch‚u,ST22,473,6,4.5,4.5,,,,9
CÙng ngh? thÙng tin,TrÌ tu? nh‚n t?o - 3tc - Tr??ng Ng?c Ch‚u,ST22,474,5,4.5,1,,,,5.5
CÙng ngh? thÙng tin,TrÌ tu? nh‚n t?o - 3tc - Tr??ng Ng?c Ch‚u,ST22,475,9,4,3.5,,,,7.5
CÙng ngh? thÙng tin,TrÌ tu? nh‚n t?o - 3tc - Tr??ng Ng?c Ch‚u,ST22,476,7,4.5,4,,,,8.5
CÙng ngh? thÙng tin,TrÌ tu? nh‚n t?o - 3tc - Tr??ng Ng?c Ch‚u,ST22,477,7,1,5,,,,6
CÙng ngh? thÙng tin,TrÌ tu? nh‚n t?o - 3tc - Tr??ng Ng?c Ch‚u,ST22,478,6,4,4.5,,,,8.5
CÙng ngh? thÙng tin,TrÌ tu? nh‚n t?o - 3tc - Tr??ng Ng?c Ch‚u,ST22,479,6,4,4,,,,8
CÙng ngh? thÙng tin,TrÌ tu? nh‚n t?o - 3tc - Tr??ng Ng?c Ch‚u,ST22,480,5,4,5,,,,9
CÙng ngh? thÙng tin,TrÌ tu? nh‚n t?o - 3tc - Tr??ng Ng?c Ch‚u,ST22,481,7,4.5,4.5,,,,9
CÙng ngh? thÙng tin,TrÌ tu? nh‚n t?o - 3tc - Tr??ng Ng?c Ch‚u,ST22,482,5,1.5,1.5,,,,3
CÙng ngh? thÙng tin,TrÌ tu? nh‚n t?o - 3tc - Tr??ng Ng?c Ch‚u,ST22,483,5,2,4,,,,6
CÙng ngh? thÙng tin,TrÌ tu? nh‚n t?o - 3tc - Tr??ng Ng?c Ch‚u,ST22,484,7,4.5,5,,,,9.5
CÙng ngh? thÙng tin,TrÌ tu? nh‚n t?o - 3tc - Tr??ng Ng?c Ch‚u,ST22,485,8,4.5,4,,,,8.5
CÙng ngh? thÙng tin,TrÌ tu? nh‚n t?o - 3tc - Tr??ng Ng?c Ch‚u,ST22,486,6,4.5,3,,,,7.5
CÙng ngh? thÙng tin,TrÌ tu? nh‚n t?o - 3tc - Tr??ng Ng?c Ch‚u,ST22,487,7,4.5,4.5,,,,9
CÙng ngh? thÙng tin,TrÌ tu? nh‚n t?o - 3tc - Tr??ng Ng?c Ch‚u,ST22,488,6,4.5,4,,,,8.5
CÙng ngh? thÙng tin,TrÌ tu? nh‚n t?o - 3tc - Tr??ng Ng?c Ch‚u,ST22,489,7,4.5,4.5,,,,9
CÙng ngh? thÙng tin,TrÌ tu? nh‚n t?o - 3tc - Tr??ng Ng?c Ch‚u,ST22,490,7,4.5,4,,,,8.5
CÙng ngh? thÙng tin,TrÌ tu? nh‚n t?o - 3tc - Tr??ng Ng?c Ch‚u,ST22,491,5,4.5,4.5,,,,9
CÙng ngh? thÙng tin,TrÌ tu? nh‚n t?o - 3tc - Tr??ng Ng?c Ch‚u,ST22,492,8,4,4,,,,8
CÙng ngh? thÙng tin,TrÌ tu? nh‚n t?o - 3tc - Tr??ng Ng?c Ch‚u,ST22,493,5,4.5,4.5,,,,9
CÙng ngh? thÙng tin,TrÌ tu? nh‚n t?o - 3tc - Tr??ng Ng?c Ch‚u,ST22,494,5,4.5,4.5,,,,9
CÙng ngh? thÙng tin,TrÌ tu? nh‚n t?o - 3tc - Tr??ng Ng?c Ch‚u,ST22,495,7,4.5,4.5,,,,9
CÙng ngh? thÙng tin,TrÌ tu? nh‚n t?o - 3tc - Tr??ng Ng?c Ch‚u,ST22,496,7,4,4,,,,8
CÙng ngh? thÙng tin,TrÌ tu? nh‚n t?o - 3tc - Tr??ng Ng?c Ch‚u,ST22,497,8,2.5,4,,,,6.5
CÙng ngh? thÙng tin,TrÌ tu? nh‚n t?o - 3tc - Tr??ng Ng?c Ch‚u,ST22,498,7,4.5,4.5,,,,9
CÙng ngh? thÙng tin,TrÌ tu? nh‚n t?o - 3tc - Tr??ng Ng?c Ch‚u,ST22,499,6,2,0,,,,2
